{
    "mae": {
        "Training": 1.207055171776387,
        "Round 1": 1.0425092478935616,
        "Round 2": 0.8690325866028263,
        "Round 3": 0.9295998948817521,
        "Round 4": 0.9265710784514424
    },
    "r2": {
        "Training": 0.2021591957102416,
        "Round 1": 0.23235959049295352,
        "Round 2": 0.3900252138824374,
        "Round 3": 0.4103726732764668,
        "Round 4": 0.4074200051708119
    },
    "mae_norm": {
        "Training": 0.621896272802529,
        "Round 1": 0.5816299048554703,
        "Round 2": 0.5391896754531401,
        "Round 3": 0.5445949554768275,
        "Round 4": 0.5621069865092625
    },
    "rmse": {
        "Training": 1.4593454057918562,
        "Round 1": 1.3182076266050504,
        "Round 2": 1.1129478620913866,
        "Round 3": 1.098367527571646,
        "Round 4": 1.092403891754028
    },
    "rmse_norm": {
        "Training": 0.5562681271656955,
        "Round 1": 0.5024697270138347,
        "Round 2": 0.4242295349829889,
        "Round 3": 0.41867185457055456,
        "Round 4": 0.4163986569339987
    }
}