{
    "mae": {
        "Training": 1.207055171776387,
        "Round 1": 0.9557263351406454,
        "Round 2": 0.7458790939008008,
        "Round 3": 0.8454642747986528,
        "Round 4": 0.7539574723694035
    },
    "r2": {
        "Training": 0.2021591957102416,
        "Round 1": 0.321864885732842,
        "Round 2": 0.517527612303546,
        "Round 3": 0.4202831395330371,
        "Round 4": 0.49403708824967835
    },
    "mae_norm": {
        "Training": 0.621896272802529,
        "Round 1": 0.5015941807740044,
        "Round 2": 0.4091022712465578,
        "Round 3": 0.41019494724432853,
        "Round 4": 0.3710606960875515
    },
    "rmse": {
        "Training": 1.4593454057918562,
        "Round 1": 1.2166857206007835,
        "Round 2": 0.9657168439863482,
        "Round 3": 1.020964664763911,
        "Round 4": 0.9158696061350491
    },
    "rmse_norm": {
        "Training": 0.5562681271656955,
        "Round 1": 0.4275162686013169,
        "Round 2": 0.3177896185946525,
        "Round 3": 0.3395010375060926,
        "Round 4": 0.2914804880954036
    }
}