{
    "r2": {
        "Training": 0.33193316578749604,
        "Coarse Grid": 0.45501219481740207,
        "Fine Grid": 0.5304812476292587,
        "Replicate Runs": 0.518853070209646,
        "Final Round": 0.5278006427722944
    },
    "r2_train": {
        "Training": 0.9335270894567979,
        "Coarse Grid": 0.8668838429305258,
        "Fine Grid": 0.8736006804629218,
        "Replicate Runs": 0.9035936224999752,
        "Final Round": 0.9004705904294518
    },
    "mae": {
        "Training": 0.8675786462816472,
        "Coarse Grid": 0.7840208637108899,
        "Fine Grid": 0.6980486930975361,
        "Replicate Runs": 0.6801463978762342,
        "Final Round": 0.6696480093628238
    },
    "rmse": {
        "Training": 1.0878441123864435,
        "Coarse Grid": 0.9390320144428477,
        "Fine Grid": 0.8615086545616567,
        "Replicate Runs": 0.8488447244508286,
        "Final Round": 0.8393667858295798
    }
}