{
    "mae": {
        "Round 4": 0.9265710784514424,
        "Round 5 GP": 1.0102235640464916,
        "Round 6 GP": 1.2290499521180158,
        "Round 5 KNN": 1.0548949781084844,
        "Round 6 KNN": 1.0583379535402027
    },
    "r2": {
        "Round 4": 0.4074200051708119,
        "Round 5 GP": 0.3185027301641181,
        "Round 6 GP": 0.15318633612729338,
        "Round 5 KNN": 0.3340427009981601,
        "Round 6 KNN": 0.2979231637451865
    },
    "mae_norm": {
        "Round 4": 0.5621069865092625,
        "Round 5 GP": 0.5974936941467944,
        "Round 6 GP": 0.6080213919507957,
        "Round 5 KNN": 0.5928714805215003,
        "Round 6 KNN": 0.5564519441154812
    },
    "rmse": {
        "Round 4": 1.092403891754028,
        "Round 5 GP": 1.1630161117458924,
        "Round 6 GP": 1.4957978671741878,
        "Round 5 KNN": 1.1944316633893106,
        "Round 6 KNN": 1.2320503700993615
    },
    "rmse_norm": {
        "Round 4": 0.4163986569339987,
        "Round 5 GP": 0.44331437353816555,
        "Round 6 GP": 0.5701629476401717,
        "Round 5 KNN": 0.4552892425494392,
        "Round 6 KNN": 0.46962860829859226
    }
}