{
    "Round 4": {
        "pred": [
            2.2340236944472456,
            3.9935801989451676,
            3.3443055586413672,
            1.610234656059423,
            1.979695914305939,
            1.6967092885950341,
            1.253794088945427,
            1.0211198977859537,
            2.5875390417323003,
            1.9598274704660559,
            2.231779601790493,
            2.7260492266915057,
            1.090143969968377,
            1.1275150472197204,
            1.509498928067174,
            2.204051316841042,
            2.3507057825351505,
            0.604282249331991,
            2.5711185623272725,
            0.7882073759532315,
            0.7108223065850763,
            1.6200926379995237,
            2.4712281503854667,
            1.5849397723571994,
            0.30259981317825446,
            2.69707350026759,
            4.259990335360573,
            4.479634756193563,
            4.099519636868578,
            2.6275646679342217,
            2.874464377931357,
            4.411326283788609,
            4.010709975200262,
            3.8637845441889134,
            3.1133749963249917,
            4.327996994407142,
            3.8443796310295966,
            0.47259831150326903,
            4.098783772881582,
            1.8124854058353232,
            4.591725627759104,
            3.902029832592779,
            2.0540318506938853,
            2.1068115776559075,
            4.248827907528444,
            4.467519348550379,
            4.0384713670010415,
            3.8245265978170053,
            3.7224219723900394,
            3.6538537452801934
        ],
        "expt": [
            0.7494297670801456,
            4.839589604247266,
            4.709697987118238,
            3.669342116533025,
            4.016279311158366,
            0.8051921986463181,
            1.3620248396848809,
            2.224866200966448,
            3.560085915964837,
            1.6350165485093886,
            2.706172259978959,
            0.5778352477724606,
            2.433484751902585,
            1.7818551634361537,
            3.0829018476340764,
            4.707794016517282,
            4.017325243394266,
            4.253110886367159,
            1.880526848352965,
            2.500355317735857,
            0.587823112593958,
            3.92067656526738,
            3.1811613545498902,
            1.6941447440471793,
            0.9615647431780092,
            2.351620438994783,
            3.76319794854714,
            4.176186715215268,
            4.40996646437954,
            3.171355581256237,
            3.864929640677639,
            3.474571943005823,
            4.034126342661748,
            4.05714401492708,
            4.350897406217321,
            4.439842566522055,
            4.706303626503504,
            2.818123311501946,
            3.4364782780763887,
            2.007535655428523,
            2.715370684106582,
            2.673845787443786,
            2.4295941651713124,
            3.579674833252274,
            4.479072703995157,
            3.883892953275546,
            3.884189823575288,
            4.286318750015257,
            4.217498503655141,
            4.0365087127281445
        ],
        "idxs": [
            6.142857142857143,
            10.0,
            15.0,
            16.0,
            17.0,
            18.0,
            19.0,
            20.0,
            21.0,
            22.0,
            23.0,
            24.0,
            25.0,
            26.0,
            27.0,
            29.0,
            30.0,
            31.0,
            32.0,
            33.0,
            34.0,
            35.0,
            36.0,
            37.0,
            38.0,
            39.0,
            40.0,
            41.0,
            42.0,
            43.0,
            44.0,
            45.0,
            46.0,
            47.0,
            48.0,
            49.0,
            50.0,
            51.0,
            52.0,
            53.0,
            54.0,
            55.0,
            56.0,
            57.0,
            58.0,
            59.0,
            60.0,
            61.0,
            62.0,
            63.0
        ]
    },
    "Round 5 GP": {
        "pred": [
            4.131563531744085,
            4.163989682390486,
            4.471109146243393,
            4.417505400466052,
            4.584342848312502,
            4.313563666036671
        ],
        "expt": [
            4.341361472003729,
            4.345632603247306,
            4.239545948406264,
            4.402437306061127,
            4.331226419056203,
            4.223501650656461
        ],
        "idxs": [
            64.0,
            65.0,
            66.0,
            67.0,
            68.0,
            69.0
        ]
    },
    "Round 6 GP": {
        "pred": [
            3.252040198612825,
            3.1395675086812673,
            5.532652614731115,
            2.5334726255206164,
            3.362734298616246,
            2.5445395522465333
        ],
        "expt": [
            3.2124105913862824,
            3.2515798989792417,
            3.7527348512688072,
            2.643875444586953,
            3.365846153669102,
            2.325727259890076
        ],
        "idxs": [
            70.0,
            71.0,
            72.0,
            73.0,
            74.0,
            75.0
        ]
    },
    "Round 5 KNN": {
        "pred": [
            3.5407780104193254,
            4.324965064762491,
            4.7617823644967405,
            4.7290121922708455,
            3.445366340885246,
            3.7858218545054605
        ],
        "expt": [
            4.670033918789208,
            4.45844267358063,
            4.868040709510863,
            4.6557329764208335,
            4.195577165112443,
            4.59863790881158
        ],
        "idxs": [
            64.0,
            65.0,
            66.0,
            67.0,
            68.0,
            69.0
        ]
    },
    "Round 6 KNN": {
        "pred": [
            4.094322786382796,
            3.577010323150125,
            5.073160025647972,
            3.4207854899404477,
            5.075509993838348,
            4.492441577661618
        ],
        "expt": [
            4.631554044946791,
            3.143094014763104,
            4.62488450480977,
            4.279034200548893,
            3.93312120718178,
            4.054690456414668
        ],
        "idxs": [
            70.0,
            71.0,
            72.0,
            73.0,
            74.0,
            75.0
        ]
    }
}