{
    "mae": {
        "Round 4": 0.7539574723694035,
        "Round 5 GP": 0.7345308959642948,
        "Round 6 GP": 0.8334471509308303,
        "Round 5 KNN": 0.8144568122381683,
        "Round 6 KNN": 0.7979064652167976
    },
    "r2": {
        "Round 4": 0.49403708824967835,
        "Round 5 GP": 0.47422302029670854,
        "Round 6 GP": 0.3708112164389642,
        "Round 5 KNN": 0.47108267526308273,
        "Round 6 KNN": 0.45042705972145847
    },
    "mae_norm": {
        "Round 4": 0.3710606960875515,
        "Round 5 GP": 0.3525911209096992,
        "Round 6 GP": 0.3485944135013006,
        "Round 5 KNN": 0.367729994342511,
        "Round 6 KNN": 0.32795305431192895
    },
    "rmse": {
        "Round 4": 0.9158696061350491,
        "Round 5 GP": 0.9254901965060104,
        "Round 6 GP": 1.1420995228009527,
        "Round 5 KNN": 0.9889307198679245,
        "Round 6 KNN": 1.0035367638149815
    },
    "rmse_norm": {
        "Round 4": 0.2914804880954036,
        "Round 5 GP": 0.28322526834616507,
        "Round 6 GP": 0.3513413374622929,
        "Round 5 KNN": 0.3000771034673555,
        "Round 6 KNN": 0.29738779028746976
    },
    "r2_train": {
        "Round 4": 0.9999999999999998,
        "Round 5 GP": 0.9999999999999998,
        "Round 6 GP": 0.9999999999999984,
        "Round 5 KNN": 1.0,
        "Round 6 KNN": 0.9999999999999993
    },
    "rmse_train": {
        "Round 4": 1.9701398601507657e-10,
        "Round 5 GP": 6.482024531402389e-10,
        "Round 6 GP": 6.416782177091086e-10,
        "Round 5 KNN": 2.1943945634791976e-10,
        "Round 6 KNN": 3.269715896643042e-10
    },
    "mae_train": {
        "Round 4": 1.2463736487333677e-10,
        "Round 5 GP": 2.896352443596381e-10,
        "Round 6 GP": 3.0255387084565655e-10,
        "Round 5 KNN": 1.3626049296825268e-10,
        "Round 6 KNN": 1.8080223160926186e-10
    }
}