{
    "mae": {
        "Training": 1.36127561369407,
        "Round 1": 1.1992149525732767,
        "Round 2": 1.1145107876825324,
        "Round 3": 1.0976479682482128,
        "Round 4": 1.0266549282633166
    },
    "r2": {
        "Training": 0.12507995983210565,
        "Round 1": 0.21689191112990475,
        "Round 2": 0.2590803862835617,
        "Round 3": 0.1948545947889077,
        "Round 4": 0.29068330503371476
    },
    "mae_norm": {
        "Training": 0.6803906054583527,
        "Round 1": 0.5643368618586635,
        "Round 2": 0.498198285947919,
        "Round 3": 0.4519196084530272,
        "Round 4": 0.4405447108984034
    },
    "rmse": {
        "Training": 1.616053566685453,
        "Round 1": 1.5292718661065168,
        "Round 2": 1.419452914052281,
        "Round 3": 1.38973496981694,
        "Round 4": 1.2542404965690366
    },
    "rmse_norm": {
        "Training": 0.6160015904197643,
        "Round 1": 0.5373520793455179,
        "Round 2": 0.46710110005715,
        "Round 3": 0.46212810334670373,
        "Round 4": 0.3991688660482274
    }
}